cgpa,coding,projects,internships,communication,placed
5.23,81,3,3,5,0
9.39,98,1,3,4,0
6.89,76,0,2,7,0
8.21,53,2,1,7,0
5.99,89,5,2,10,0
7.12,41,0,1,9,0
9.13,48,4,3,9,0
6.13,36,0,2,5,0
6.54,98,1,1,6,0
6.41,56,0,2,4,0
9.42,80,0,2,7,0
7.76,51,5,3,5,0
5.79,92,3,3,6,0
7.62,81,0,1,3,0
6.65,83,2,2,8,0
7.5,54,3,2,8,0
5.72,76,3,3,5,0
7.24,48,3,0,6,0
6.22,30,2,0,6,0
7.42,37,3,1,5,0
7.15,61,1,1,4,0
7.54,64,3,1,10,0
7.79,33,1,2,10,0
7.7,41,3,0,10,0
9.27,35,1,0,10,0
8.18,78,5,1,3,0
5.68,87,5,3,8,0
5.88,75,1,3,9,0
8.16,56,4,1,6,0
5.89,98,2,1,5,0
5.78,45,2,0,3,0
5.79,48,0,3,10,0
7.18,58,5,2,9,0
5.47,43,0,1,7,0
5.06,34,1,2,3,0
7.09,63,5,0,6,0
9.42,39,1,0,10,0
9.28,47,1,1,10,0
8.49,68,3,1,7,0
8.38,89,4,0,4,0
5.43,34,1,3,7,0
5.27,87,5,2,9,0
7.95,60,3,0,5,0
6.88,39,5,3,9,0
7.25,93,0,0,4,0
9.26,99,5,0,8,1
7.98,31,2,1,10,0
8.81,31,2,1,5,0
7.93,72,0,2,5,0
9.24,75,1,1,10,0
5.12,84,2,0,10,0
9.21,94,4,0,8,0
8.78,58,1,1,3,0
5.83,57,2,0,3,0
8.2,99,5,2,3,0
9.2,42,3,0,8,0
5.66,97,5,0,10,0
5.88,74,0,1,5,0
8.59,75,3,0,10,0
6.07,43,2,3,4,0
6.72,78,2,0,10,0
6.39,52,3,2,9,0
6.12,95,1,3,7,0
6.54,62,3,1,6,0
5.02,89,0,0,5,0
6.63,100,1,0,5,0
8.28,88,3,1,5,0
9.03,49,1,2,9,0
8.89,89,5,1,9,1
7.66,63,4,0,6,0
5.8,59,2,1,3,0
5.66,79,0,1,6,0
6.48,53,0,2,8,0
9.15,87,0,1,5,0
6.52,41,3,2,9,0
5.33,64,2,2,10,0
7.3,56,1,2,7,0
5.88,95,3,1,7,0
6.02,70,0,1,9,0
7.84,92,5,2,5,0
7.18,38,0,1,9,0
8.92,98,5,2,3,0
9.3,85,5,1,10,0
8.38,39,2,1,8,0
9.32,59,3,0,9,0
8.54,57,2,1,9,0
5.68,38,0,2,9,0
8.87,83,1,2,6,0
5.11,93,0,1,9,0
7.56,30,1,0,4,0
5.43,81,2,3,8,0
5.25,37,5,2,3,0
5.04,80,4,2,10,0
5.6,32,4,2,7,0
8.34,38,0,2,10,0
7.12,86,2,1,8,0
7.33,83,2,0,7,0
9.27,97,4,2,5,0
6.56,50,0,3,6,0
8.94,56,2,0,6,0
6.12,65,5,2,9,0
6.52,88,3,0,9,0
6.21,84,4,0,4,0
6.86,73,4,3,8,0
5.37,85,4,3,3,0
7.43,33,0,1,10,0
7.03,98,2,1,3,0
6.12,85,3,3,6,0
6.65,35,5,3,9,0
9.25,58,2,3,9,0
9.44,54,0,1,3,0
7.79,95,2,3,4,0
5.25,88,4,2,8,0
8.76,42,1,0,4,0
5.89,89,2,0,9,0
6.51,61,0,1,4,0
8.24,42,1,3,6,0
7.88,39,5,0,5,0
6.06,70,1,1,7,0
6.43,30,4,3,10,0
