resume,role
Python machine learning pandas numpy data analysis,Data Scientist
Deep learning neural networks tensorflow pytorch,Data Scientist
Statistics data visualization python sql,Data Scientist
Java c++ data structures algorithms oop,Software Engineer
OOP design patterns system design java,Software Engineer
C++ algorithms competitive programming,Software Engineer
HTML CSS JavaScript React frontend UI,Web Developer
React node js mongodb full stack,Web Developer
Frontend UI UX HTML CSS JavaScript,Web Developer
AWS cloud docker kubernetes devops,Cloud Engineer
Azure cloud infrastructure docker ci cd,Cloud Engineer
Linux networking ethical hacking security,Cyber Security
Cryptography network security penetration testing,Cyber Security
Android kotlin firebase mobile app,Android Developer
Kotlin android studio mobile UI,Android Developer